d,N,Npowd,k_over_D,V_field,v_per_cell,paper_sigma2_2k,G_field_over_paper,v_over_paper
1,64,64,1e-05,50170.508320986155,783.9141925154087,49999.99999999999,1.0034101664197232,0.015678283850308176
1,64,64,0.0001,5169.468347872383,80.77294293550598,5000.0,1.0338936695744765,0.016154588587101195
1,64,64,0.001,659.9790894215591,10.312173272211862,500.0,1.3199581788431183,0.020624346544423723
1,64,64,0.01,160.33371409492628,2.505214282733223,50.0,3.2066742818985254,0.05010428565466446
1,64,64,0.1,49.97560398075559,0.780868812199306,5.0,9.995120796151117,0.1561737624398612
1,64,64,1,14.310835055998655,0.223606797749979,0.5,28.62167011199731,0.447213595499958
1,64,64,10.0,2.704493615131253,0.042257712736425826,0.05,54.089872302625054,0.8451542547285165
1,64,64,100.0,0.3137858162210946,0.004902903378454603,0.005,62.757163244218916,0.9805806756909206
1,64,64,1000.0,0.03193619136223197,0.0004990029900348745,0.0005,63.87238272446394,0.998005980069749
1,256,256,1e-05,52701.25226097981,205.86426664445239,49999.99999999999,1.0540250452195963,0.004117285332889048
1,256,256,0.0001,7472.3214662938035,29.18875572771017,5000.0,1.4944642932587606,0.005837751145542034
1,256,256,0.001,2024.8396732320443,7.909529973562673,500.0,4.049679346464089,0.015819059947125347
1,256,256,0.01,639.2014968916686,2.4968808472330806,50.0,12.784029937833372,0.04993761694466161
1,256,256,0.1,199.90241521741567,0.7808688094430299,5.0,39.98048304348313,0.156173761888606
1,256,256,1,57.24334022399463,0.22360679774997902,0.5,114.48668044798926,0.44721359549995804
1,256,256,10.0,10.817974460525006,0.042257712736425805,0.05,216.3594892105001,0.845154254728516
1,256,256,100.0,1.2551432648843786,0.004902903378454604,0.005,251.02865297687572,0.9805806756909208
1,256,256,1000.0,0.12774476544892796,0.0004990029900348748,0.0005,255.48953089785593,0.9980059800697497
1,1024,1024,1e-05,87566.20510424188,85.5138721721112,49999.99999999999,1.7513241020848378,0.0017102774434422244
1,1024,1024,0.0001,25601.508624369322,25.001473265985666,5000.0,5.1203017248738645,0.005000294653197133
1,1024,1024,0.001,8094.4190708770475,7.904706123903367,500.0,16.188838141754093,0.015809412247806732
1,1024,1024,0.01,2556.805987527281,2.4968808471946105,50.0,51.136119750545625,0.04993761694389221
1,1024,1024,0.1,799.6096608696625,0.7808688094430298,5.0,159.9219321739325,0.15617376188860596
1,1024,1024,1,228.97336089597854,0.22360679774997905,0.5,457.9467217919571,0.4472135954999581
1,1024,1024,10.0,43.27189784210007,0.04225771273642585,0.05,865.4379568420013,0.8451542547285169
1,1024,1024,100.0,5.020573059537503,0.0049029033784545924,0.005,1004.1146119075005,0.9805806756909184
1,1024,1024,1000.0,0.5109790617957117,0.0004990029900348747,0.0005,1021.9581235914235,0.9980059800697495
2,32,1024,1e-05,50307.346368996295,49.128267938472945,49999.99999999999,1.006146927379926,0.000982565358769459
2,32,1024,0.0001,5307.160958457299,5.182774373493456,5000.0,1.0614321916914597,0.0010365548746986912
2,32,1024,0.001,805.3425294213591,0.786467313888046,500.0,1.6106850588427182,0.001572934627776092
2,32,1024,0.01,340.045624133792,0.33207580481815624,50.0,6.80091248267584,0.006641516096363125
2,32,1024,0.1,232.6336190808435,0.22718126863363622,5.0,46.5267238161687,0.045436253726727244
2,32,1024,1,130.07351809242607,0.12702492001213483,0.5,260.14703618485214,0.25404984002426967
2,32,1024,10.0,37.35412856426618,0.036478641176041195,0.05,747.0825712853236,0.7295728235208239
2,32,1024,100.0,4.924899104153615,0.004809471781400015,0.005,984.979820830723,0.961894356280003
2,32,1024,1000.0,0.5099621829999232,0.0004980099443358625,0.0005,1019.9243659998465,0.9960198886717251
